1	0.002759
50	0.001148
100	0.011349
150	0.002731
200	0.008348
250	0.005255
300	0.003291
350	0.013874
400	0.006364
450	0.004201
500	0.001711
550	0.001949
600	0.004082
650	0.031814
700	0.001420
750	0.005053
800	0.002383
850	0.006689
900	0.059133
950	0.002063
1000	0.002526
1050	0.013218
1100	0.002371
1150	0.007141
1200	0.002628
1250	0.022287
1300	0.003328
1350	0.001207
1400	0.016685
1450	0.019158
1500	0.005378
1550	0.005552
1600	0.037494
1650	0.008841
1700	0.004263
1750	0.003745
1800	0.004473
1850	0.003815
1900	0.001718
1950	0.003316
2000	0.008757
2050	0.018518
2100	0.010355
2150	0.006119
2200	0.011413
2250	0.024556
2300	0.001768
2350	0.021682
2400	0.007343
2450	0.018672
2500	0.001624
2550	0.008761
2600	0.006976
2650	0.005350
2700	0.001310
2750	0.004773
2800	0.002676
2850	0.003297
2900	0.012270
2950	0.004090
3000	0.006450
3050	0.046535
3100	0.003799
3150	0.002408
3200	0.013056
3250	0.009521
3300	0.004672
3350	0.001254
3400	0.014853
3450	0.011097
3500	0.012427
3550	0.006525
3600	0.003197
3650	0.005048
3700	0.019293
3750	0.003969
3800	0.007069
3850	0.011860
3900	0.000774
3950	0.004594
4000	0.022210
4050	0.013291
4100	0.010499
4150	0.006591
4200	0.010024
4250	0.036721
4300	0.026538
4350	0.010115
4400	0.001748
4450	0.013132
4500	0.003541
4550	0.016676
4600	0.005629
4650	0.003675
4700	0.002413
4750	0.003494
4800	0.006538
4850	0.005399
4900	0.004312
4950	0.003331
5000	0.009745
5050	0.012485
5100	0.003713
5150	0.007119
5200	0.007395
5250	0.016790
5300	0.010719
5350	0.009564
5400	0.004190
5450	0.013034
5500	0.003403
5550	0.003722
5600	0.004142
5650	0.009015
5700	0.004076
5750	0.000912
5800	0.001262
5850	0.002510
5900	0.015344
5950	0.005675
6000	0.006685
1	0.001938
50	0.008189
100	0.047561
150	0.008251
200	0.003449
250	0.023393
300	0.005426
350	0.004706
400	0.008761
450	0.003686
500	0.006491
550	0.018731
600	0.002036
650	0.007453
700	0.003123
750	0.010599
800	0.002466
850	0.001342
900	0.001118
950	0.006253
1000	0.017337
1050	0.003862
1100	0.002584
1150	0.041267
1200	0.049187
1250	0.005069
1300	0.007306
1350	0.002885
1400	0.004518
1450	0.002048
1500	0.018637
1550	0.002680
1600	0.003502
1650	0.009709
1700	0.002762
1750	0.003736
1800	0.001670
1850	0.004251
1900	0.005539
1950	0.005216
2000	0.005227
2050	0.002375
2100	0.030920
2150	0.007449
2200	0.025640
2250	0.010766
2300	0.007817
2350	0.002562
2400	0.005175
2450	0.000690
2500	0.019667
2550	0.008991
2600	0.014562
2650	0.002568
2700	0.006852
2750	0.007261
2800	0.003033
2850	0.010049
2900	0.001230
2950	0.010374
3000	0.006883
3050	0.016030
3100	0.001927
3150	0.007645
3200	0.014183
3250	0.006957
3300	0.001354
3350	0.037583
3400	0.005543
3450	0.001657
3500	0.021343
3550	0.010000
3600	0.006694
3650	0.005972
3700	0.002309
3750	0.000882
3800	0.017200
3850	0.007591
3900	0.007463
3950	0.010534
4000	0.001997
4050	0.003392
4100	0.002626
4150	0.004030
4200	0.043636
4250	0.010201
4300	0.002248
4350	0.005161
4400	0.007753
4450	0.010321
4500	0.013811
4550	0.002651
4600	0.002296
4650	0.017134
4700	0.005457
4750	0.003963
4800	0.001962
4850	0.005841
4900	0.004387
4950	0.002824
5000	0.001546
5050	0.008958
5100	0.009485
5150	0.005389
5200	0.007849
5250	0.004112
5300	0.030510
5350	0.005376
5400	0.006870
5450	0.008368
5500	0.006012
5550	0.007005
5600	0.049017
5650	0.005040
5700	0.001710
5750	0.004536
5800	0.001054
5850	0.002488
5900	0.002630
5950	0.005780
6000	0.015065
1	0.009260
50	0.020420
100	0.025536
150	0.008516
200	0.011599
250	0.013433
300	0.010612
350	0.019326
400	0.024912
450	0.009480
500	0.003803
550	0.036047
600	0.050525
650	0.012116
700	0.020065
750	0.004258
800	0.006321
850	0.018695
900	0.014550
950	0.021310
1000	0.006692
1050	0.002463
1100	0.006853
1150	0.012999
1200	0.016021
1250	0.018451
1300	0.006196
1350	0.010679
1400	0.014393
1450	0.015154
1500	0.002854
1550	0.017516
1600	0.010408
1650	0.003705
1700	0.004178
1750	0.006696
1800	0.005567
1850	0.007594
1900	0.006940
1950	0.007254
2000	0.017181
2050	0.019927
2100	0.009572
2150	0.003788
2200	0.003391
2250	0.005152
2300	0.007228
2350	0.005927
2400	0.004334
2450	0.003694
2500	0.003797
1	0.492764
50	0.041041
100	0.020978
150	0.027259
200	0.021483
250	0.010132
300	0.010041
350	0.011359
400	0.007282
450	0.005355
500	0.007223
550	0.007992
600	0.002812
650	0.002397
700	0.009378
750	0.005954
800	0.003097
850	0.001726
900	0.002809
950	0.002221
1000	0.002891
1050	0.001516
1100	0.003278
1150	0.002005
1200	0.002153
1250	0.001788
1300	0.005493
1350	0.001960
1400	0.002315
1450	0.004235
1500	0.001902
1550	0.002025
1600	0.001188
1650	0.002449
1700	0.002032
1750	0.002493
1800	0.003275
1850	0.002262
1900	0.002340
1950	0.001791
2000	0.001004
1	0.065075
50	0.009744
1	0.000840
50	0.024208
100	0.006346
150	0.082631
200	0.007525
250	0.003671
300	0.006578
1	0.001024
50	0.014230
100	0.011254
150	0.028272
200	0.016927
250	0.020221
300	0.011491
350	0.192089
400	0.005172
450	0.005627
500	0.009112
550	0.006846
600	0.010468
650	0.004818
700	0.024712
750	0.003665
800	0.020070
850	0.005450
900	0.003452
950	0.003484
1000	0.018261
1050	0.026987
1100	0.013570
1150	0.003713
1200	0.040795
1250	0.005893
1300	0.000751
1350	0.002069
1400	0.052982
1450	0.004564
1500	0.002381
1550	0.007029
1600	0.005564
1650	0.002507
1700	0.001482
1750	0.003687
1800	0.007445
1850	0.001854
1900	0.006326
1950	0.142689
2000	0.005039
2050	0.003046
2100	0.003164
2150	0.045273
2200	0.002337
2250	0.005650
2300	0.001987
2350	0.007721
2400	0.005030
2450	0.003100
2500	0.021214
2550	0.004233
2600	0.002125
2650	0.005304
2700	0.002237
2750	0.003833
2800	0.089314
2850	0.003434
2900	0.013306
2950	0.015772
3000	0.002646
3050	0.004529
3100	0.001688
3150	0.002003
3200	0.002455
3250	0.001869
3300	0.003480
3350	0.002755
3400	0.000935
3450	0.001638
3500	0.005140
3550	0.000794
3600	0.002320
3650	0.002750
3700	0.007328
3750	0.002526
3800	0.061129
1	0.004413
50	0.002662
100	0.021825
150	0.031411
200	0.002934
250	0.035981
300	0.102681
350	0.007740
400	0.005141
450	0.001213
500	0.017131
1	0.001493
50	0.016348
100	0.005596
150	0.003564
200	0.001720
250	0.019749
300	0.028176
350	0.003337
400	0.002082
1	1.077350
50	0.125104
100	0.044560
150	0.038022
200	0.025041
250	0.016582
300	0.041972
350	0.085867
400	0.012101
450	0.082776
500	0.013240
550	0.072344
600	0.024516
650	0.166061
700	0.005322
750	0.021856
800	0.044221
850	0.016202
900	0.007362
950	0.007033
1000	0.012871
1050	0.004840
1100	0.169898
1150	0.014258
1200	0.003946
1250	0.004072
1300	0.008416
1350	0.011743
1400	0.015336
1450	0.006971
1500	0.004806
1550	0.006710
1600	0.002484
1650	0.005216
1700	0.007534
1750	0.003304
1800	0.053814
1850	0.003875
1900	0.021340
1950	0.005623
2000	0.011167
2050	0.008146
2100	0.004417
2150	0.003241
2200	0.001843
2250	0.003461
2300	0.007338
2350	0.152926
2400	0.010824
2450	0.003341
2500	0.003271
2550	0.004825
2600	0.008159
2650	0.003327
2700	0.001144
2750	0.017359
2800	0.037330
2850	0.003479
2900	0.005934
2950	0.010525
3000	0.108846
3050	0.002098
3100	0.003362
3150	0.002259
3200	0.003168
3250	0.035415
3300	0.004587
3350	0.003435
3400	0.003948
3450	0.002537
3500	0.003758
3550	0.001765
3600	0.007845
3650	0.003057
3700	0.001465
3750	0.001858
3800	0.005454
3850	0.034497
3900	0.003436
3950	0.063262
4000	0.000814
1	0.007000
50	0.021562
100	0.042480
150	0.054699
200	0.015694
250	0.006183
300	0.021578
350	0.016145
400	0.019169
450	0.007934
500	0.004987
550	0.010861
600	0.006017
650	0.015449
700	0.009670
750	0.017416
800	0.008581
1	0.010806
50	0.036665
100	0.012480
150	0.004970
200	0.007561
250	0.006443
300	0.008834
350	0.002728
400	0.004508
450	0.010607
500	0.003729
1	0.007555
50	0.006543
100	0.049000
150	0.063147
200	0.002603
250	0.020675
300	0.019503
350	0.005581
400	0.001943
450	0.018161
500	0.009618
550	0.013612
600	0.016330
650	0.044826
700	0.010651
750	0.014498
800	0.011542
850	0.001190
900	0.020371
950	0.002116
1000	0.010167
1050	0.021155
1100	0.008944
1150	0.016502
1200	0.006746
1250	0.006254
1300	0.023923
1350	0.001180
1400	0.010080
1450	0.004181
1500	0.005517
1550	0.004874
1600	0.039706
1650	0.005999
1700	0.024042
1750	0.005497
1800	0.040686
1850	0.002542
1900	0.013415
1950	0.004970
2000	0.004369
2050	0.002045
2100	0.009727
2150	0.010455
2200	0.019585
2250	0.019715
2300	0.006592
2350	0.015052
2400	0.019404
2450	0.005608
2500	0.006164
2550	0.020097
2600	0.001371
2650	0.028860
2700	0.002359
2750	0.005790
2800	0.016479
1	0.008395
50	0.012846
100	0.009723
150	0.007907
200	0.011907
250	0.016097
300	0.050722
350	0.002578
400	0.026874
450	0.022127
500	0.006841
550	0.031761
600	0.008236
650	0.005644
700	0.009418
750	0.002308
800	0.003628
850	0.002936
900	0.002869
950	0.010379
1000	0.027991
1050	0.005242
1100	0.012250
1150	0.019937
1200	0.014497
1250	0.046926
1300	0.031510
1350	0.016536
1400	0.005194
1450	0.007994
1500	0.028057
1550	0.017774
1600	0.010227
1650	0.007458
1700	0.043566
1750	0.014423
1800	0.009670
1850	0.019243
1900	0.006514
1950	0.004686
2000	0.017816
2050	0.009581
2100	0.010614
2150	0.007203
2200	0.007163
2250	0.002624
2300	0.016781
2350	0.010033
2400	0.025233
2450	0.005907
2500	0.007993
2550	0.050213
2600	0.008734
2650	0.004521
2700	0.005399
2750	0.003266
2800	0.047536
2850	0.003329
2900	0.014618
2950	0.006214
3000	0.008983
3050	0.015048
3100	0.001532
3150	0.001176
3200	0.002501
3250	0.003656
3300	0.001551
3350	0.010978
3400	0.011476
3450	0.010248
3500	0.027612
3550	0.015068
3600	0.001462
3650	0.018101
3700	0.058053
3750	0.015829
3800	0.002784
3850	0.005501
3900	0.002324
3950	0.009144
4000	0.016099
4050	0.011161
4100	0.003883
4150	0.007107
4200	0.008258
4250	0.007397
4300	0.022974
4350	0.038170
4400	0.006029
4450	0.019361
4500	0.013393
4550	0.011078
4600	0.048784
4650	0.007737
4700	0.003983
4750	0.003222
4800	0.003355
4850	0.025994
4900	0.017884
4950	0.000712
5000	0.022449
5050	0.008305
5100	0.010447
5150	0.014889
5200	0.006722
5250	0.047823
5300	0.010781
5350	0.008777
5400	0.002864
5450	0.006605
5500	0.011120
5550	0.014277
5600	0.003265
5650	0.009376
5700	0.021714
5750	0.022697
5800	0.008153
5850	0.003645
5900	0.005631
5950	0.015183
6000	0.002837
1	0.960453
50	0.143289
100	0.045132
150	0.067526
200	0.087679
250	0.029687
300	0.024183
350	0.020173
400	0.055953
450	0.071431
500	0.013678
550	0.032625
600	0.130565
650	0.020351
700	0.038742
750	0.007653
800	0.011325
850	0.018968
900	0.004117
950	0.007404
1000	0.013109
1050	0.009746
1100	0.010063
1	1.073144
50	0.095178
1	1.060474
50	0.960083
100	0.801938
150	0.728453
200	0.606494
250	0.577278
1	1.115281
